publish_date,headline_category,headline_text
20010101,sports.wwe,"win over cena satisfying but defeating undertaker bigger roman reigns"
20010102,bollywood,"Raju Chacha"
20010102,unknown,"Status quo will not be disturbed at Ayodhya; says Vajpayee"
20010102,unknown,"Fissures in Hurriyat over Pak visit"
20010102,unknown,"America's unwanted heading for India?"
20010102,unknown,"For bigwigs; it is destination Goa"
20010102,unknown,"Extra buses to clear tourist traffic"
20010102,unknown,"Dilute the power of transfers; says Riberio"
20010102,unknown,"Focus shifts to teaching of Hindi"
20010102,unknown,"IT will become compulsory in schools"
20010102,unknown,"Move to stop freedom fighters' pension flayed"
20010102,unknown,"Gilani claims he applied for passport 2 years ago"
20010102,unknown,"Parivar dismisses PM's warning"
20010102,unknown,"India; Pak exchange lists of N-plants"
20010102,unknown,"Will Qureshi's return really help the govt?"
20010102,unknown,"PM's tacit message: Put Ram tample on hold"
20010102,unknown,"Text of the Prime Minister's article"
20010102,unknown,"NCW to focus on violence against women"
20010102,unknown,"BBC's reality TV will focus on AIIMS"
20010102,unknown,"Jaitley firm on legal reforms"
20010102,unknown,"Hoshangabad farmers have enough water"
20010102,unknown,"BJP jumps into rail track conversion issue"
20010102,unknown,"America's unwanted heading for India?"
20010102,unknown,"State may take AP to court over Krishna"
20010102,unknown,"This official has sued the briber"
20010102,unknown,"Park turns temple compound as residents watch"
20010102,unknown,"Moves afoot to evict squatters in Urban dist"
20010102,unknown,"Mafia calls the shots in Gandhinagar too"
20010102,unknown,"Status quo will not be disturbed at Ayodhya; says Vajpayee"
20010102,unknown,"Fissures in Hurriyat over Pak visit"
20010102,unknown,"America's unwanted heading for India?"
20010102,unknown,"For bigwigs; it is destination Goa"
20010102,unknown,"Extra buses to clear tourist traffic"
20010102,unknown,"Dilute the power of transfers; says Riberio"
20010102,unknown,"Focus shifts to teaching of Hindi"
20010102,unknown,"IT will become compulsory in schools"
20010102,unknown,"Move to stop freedom fighters' pension flayed"
20010102,unknown,"Gilani claims he applied for passport 2 years ago"
20010102,unknown,"Parivar dismisses PM's warning"
20010102,unknown,"India; Pak exchange lists of N-plants"
20010102,unknown,"Will Qureshi's return really help the govt?"
20010102,unknown,"PM's tacit message: Put Ram tample on hold"
20010102,unknown,"Text of the Prime Minister's article"
20010102,unknown,"NCW to focus on violence against women"
20010102,unknown,"BBC's reality TV will focus on AIIMS"
20010102,unknown,"Jaitley firm on legal reforms"
20010102,unknown,"Hoshangabad farmers have enough water"
20010102,unknown,"BJP jumps into rail track conversion issue"